15af6f,127.0.0.1,GET,http://open/,1507989042,12360f,200
12360f,127.0.0.1,GET,http://open/,1507989042,,500
1b349e,127.0.0.1,GET,http://open/admin,1507989550,904c67,200
904c67,127.0.0.1,GET,http://open/admin,1507989550,,500
499847,82.66.100.92,GET,https://open.gqui.eu/,1508062579,,200
74f758,82.66.100.92,GET,https://open.gqui.eu/jquery.min.js,1508062580,135a3d,200
8a9062,82.66.100.92,GET,https://open.gqui.eu/bootstrap.min.js,1508062580,243464,200
057826,82.66.100.92,GET,https://open.gqui.eu/tether.min.js,1508062580,76bf4e,200
135a3d,82.66.100.92,GET,https://open.gqui.eu/jquery.min.js,1508062580,,404
243464,82.66.100.92,GET,https://open.gqui.eu/bootstrap.min.js,1508062580,,404
76bf4e,82.66.100.92,GET,https://open.gqui.eu/tether.min.js,1508062580,,404
dc2887,82.66.100.92,GET,https://open.gqui.eu/tether.min.js,1508062580,ca27a5,200
ca27a5,82.66.100.92,GET,https://open.gqui.eu/tether.min.js,1508062580,,404
7e3fe8,82.66.100.92,GET,https://open.gqui.eu/bootstrap.min.js,1508062580,067060,200
067060,82.66.100.92,GET,https://open.gqui.eu/bootstrap.min.js,1508062580,,404
de2148,82.66.100.92,GET,https://open.gqui.eu/admin,1508062591,70a864,200
70a864,82.66.100.92,GET,https://open.gqui.eu/admin,1508062591,,404
3da918,82.66.100.92,GET,https://open.gqui.eu/admin,1508062629,9762dc,200
9762dc,82.66.100.92,GET,https://open.gqui.eu/admin,1508062629,,404
cdddaf,82.66.100.92,GET,https://open.gqui.eu/jquery.min.js,1508062745,8572e3,200
bdaf61,82.66.100.92,GET,https://open.gqui.eu/bootstrap.min.js,1508062745,688db8,200
07da71,82.66.100.92,GET,https://open.gqui.eu/tether.min.js,1508062745,12cd04,200
688db8,82.66.100.92,GET,https://open.gqui.eu/bootstrap.min.js,1508062745,,404
8572e3,82.66.100.92,GET,https://open.gqui.eu/jquery.min.js,1508062745,,404
12cd04,82.66.100.92,GET,https://open.gqui.eu/tether.min.js,1508062745,,404
50a0ac,82.66.100.92,GET,https://open.gqui.eu/bootstrap.min.js,1508062745,018cd6,200
018cd6,82.66.100.92,GET,https://open.gqui.eu/bootstrap.min.js,1508062745,,404
88a26e,82.66.100.92,GET,https://open.gqui.eu/admin/app_dev.php,1508062773,fb6fdd,200
fb6fdd,82.66.100.92,GET,https://open.gqui.eu/admin/app_dev.php,1508062773,,404
6527c9,82.66.100.92,GET,https://open.gqui.eu/index.php,1508062839,417115,200
417115,82.66.100.92,GET,https://open.gqui.eu/index.php,1508062839,,404
